Comment,Designator,Footprint,LCSC
"100n","C1,C2","Capacitor_SMD:C_0603_1608Metric_Pad1.08x0.95mm_HandSolder","C1590"
"USB","J1","USB_PMOD:USB_C_Receptacle_HRO_TYPE-C-31-M-12","C165948"
"Conn_02x06_Top_Bottom","J2","USB_PMOD:PinHeader_2x06_P2.54mm_Horizontal",""
"91k","R1","Resistor_SMD:R_0603_1608Metric_Pad0.98x0.95mm_HandSolder","C23265"
"5k1","R2,R3","Resistor_SMD:R_0603_1608Metric_Pad0.98x0.95mm_HandSolder","C23186"
"33R","R4,R5","Resistor_SMD:R_0603_1608Metric_Pad0.98x0.95mm_HandSolder","C23140"
"1k5","R6","Resistor_SMD:R_0603_1608Metric_Pad0.98x0.95mm_HandSolder","C22843"
"USBLC6-2SC6","U1","Package_TO_SOT_SMD:SOT-23-6","C5261088"