Designator,Val,Package,Mid X,Mid Y,Rotation,Layer
"C1","100n","C_0603_1608Metric_Pad1.08x0.95mm_HandSolder",89.273100,-97.434400,0.000000,top
"C2","100n","C_0603_1608Metric_Pad1.08x0.95mm_HandSolder",89.281000,-89.154000,0.000000,top
"J1","USB","USB_C_Receptacle_HRO_TYPE-C-31-M-12",80.440000,-93.802200,-90.000000,top
"R1","91k","R_0603_1608Metric_Pad0.98x0.95mm_HandSolder",89.273100,-99.085400,0.000000,top
"R2","5k1","R_0603_1608Metric_Pad0.98x0.95mm_HandSolder",89.273100,-90.830400,0.000000,top
"R3","5k1","R_0603_1608Metric_Pad0.98x0.95mm_HandSolder",89.273100,-95.783400,0.000000,top
"R4","33R","R_0603_1608Metric_Pad0.98x0.95mm_HandSolder",89.279100,-92.481400,0.000000,top
"R5","33R","R_0603_1608Metric_Pad0.98x0.95mm_HandSolder",89.279100,-94.132400,0.000000,top
"R6","1k5","R_0603_1608Metric_Pad0.98x0.95mm_HandSolder",97.275000,-91.414600,90.000000,top
"U1","IP4220CZ6","TSOP-6_1.65x3.05mm_P0.95mm",93.973000,-93.319600,0.000000,top
